{
  "summary": {
    "val_total_loss": {
      "mean": 7.120203018188477,
      "std": 0.6091670989990234,
      "min": 6.511035919189453,
      "max": 7.7293701171875,
      "values": [
        7.7293701171875,
        6.511035919189453
      ]
    },
    "val_lr_loss": {
      "mean": 1.0899437218904495,
      "std": 0.6148050278425217,
      "min": 0.47513869404792786,
      "max": 1.7047487497329712,
      "values": [
        1.7047487497329712,
        0.47513869404792786
      ]
    },
    "val_recon_loss": {
      "mean": 0.09254340454936028,
      "std": 0.010347481817007065,
      "min": 0.08219592273235321,
      "max": 0.10289088636636734,
      "values": [
        0.10289088636636734,
        0.08219592273235321
      ]
    },
    "val_auroc": {
      "mean": 0.4120783232162433,
      "std": 0.07133542440477242,
      "min": 0.3407428988114709,
      "max": 0.48341374762101574,
      "values": [
        0.3407428988114709,
        0.48341374762101574
      ]
    },
    "val_auprc": {
      "mean": 0.8492863815629341,
      "std": 0.06862749053742845,
      "min": 0.7806588910255057,
      "max": 0.9179138721003626,
      "values": [
        0.7806588910255057,
        0.9179138721003626
      ]
    },
    "val_accuracy": {
      "mean": 0.8877213630395896,
      "std": 0.03998656732791528,
      "min": 0.8477347957116743,
      "max": 0.9277079303675049,
      "values": [
        0.8477347957116743,
        0.9277079303675049
      ]
    },
    "val_f1": {
      "mean": 0.9400153542282605,
      "std": 0.02245483530355813,
      "min": 0.9175605189247025,
      "max": 0.9624701895318187,
      "values": [
        0.9175605189247025,
        0.9624701895318187
      ]
    },
    "val_precision": {
      "mean": 0.8908057583219404,
      "std": 0.04176363169454572,
      "min": 0.8490421266273946,
      "max": 0.9325693900164861,
      "values": [
        0.8490421266273946,
        0.9325693900164861
      ]
    },
    "val_recall": {
      "mean": 0.9962303081627589,
      "std": 0.0018783976100530397,
      "min": 0.9943519105527059,
      "max": 0.998108705772812,
      "values": [
        0.998108705772812,
        0.9943519105527059
      ]
    },
    "val_mse": {
      "mean": 0.08336058631539345,
      "std": 0.008988942950963974,
      "min": 0.07437164336442947,
      "max": 0.09234952926635742,
      "values": [
        0.09234952926635742,
        0.07437164336442947
      ]
    },
    "val_mae": {
      "mean": 0.09066846966743469,
      "std": 0.006926573812961578,
      "min": 0.08374189585447311,
      "max": 0.09759504348039627,
      "values": [
        0.09759504348039627,
        0.08374189585447311
      ]
    },
    "val_rmse": {
      "mean": 0.28830114006996155,
      "std": 0.015589505434036255,
      "min": 0.2727116346359253,
      "max": 0.3038906455039978,
      "values": [
        0.3038906455039978,
        0.2727116346359253
      ]
    },
    "val_pearson_mean": {
      "mean": 0.984319418668747,
      "std": 0.0024174749851226807,
      "min": 0.9819019436836243,
      "max": 0.9867368936538696,
      "values": [
        0.9819019436836243,
        0.9867368936538696
      ]
    },
    "val_pearson_median": {
      "mean": 0.9843452870845795,
      "std": 0.002699524164199829,
      "min": 0.9816457629203796,
      "max": 0.9870448112487793,
      "values": [
        0.9816457629203796,
        0.9870448112487793
      ]
    },
    "val_r2": {
      "mean": 0.7272548675537109,
      "std": 0.00160294771194458,
      "min": 0.7256519198417664,
      "max": 0.7288578152656555,
      "values": [
        0.7256519198417664,
        0.7288578152656555
      ]
    }
  },
  "per_fold": [
    {
      "val_total_loss": 7.7293701171875,
      "val_lr_loss": 1.7047487497329712,
      "val_recon_loss": 0.10289088636636734,
      "val_auroc": 0.3407428988114709,
      "val_auprc": 0.7806588910255057,
      "val_accuracy": 0.8477347957116743,
      "val_f1": 0.9175605189247025,
      "val_precision": 0.8490421266273946,
      "val_recall": 0.998108705772812,
      "val_mse": 0.09234952926635742,
      "val_mae": 0.09759504348039627,
      "val_rmse": 0.3038906455039978,
      "val_pearson_mean": 0.9819019436836243,
      "val_pearson_median": 0.9816457629203796,
      "val_r2": 0.7256519198417664,
      "region": "AX"
    },
    {
      "val_total_loss": 6.511035919189453,
      "val_lr_loss": 0.47513869404792786,
      "val_recon_loss": 0.08219592273235321,
      "val_auroc": 0.48341374762101574,
      "val_auprc": 0.9179138721003626,
      "val_accuracy": 0.9277079303675049,
      "val_f1": 0.9624701895318187,
      "val_precision": 0.9325693900164861,
      "val_recall": 0.9943519105527059,
      "val_mse": 0.07437164336442947,
      "val_mae": 0.08374189585447311,
      "val_rmse": 0.2727116346359253,
      "val_pearson_mean": 0.9867368936538696,
      "val_pearson_median": 0.9870448112487793,
      "val_r2": 0.7288578152656555,
      "region": "LA"
    }
  ],
  "n_folds": 2
}