{
  "summary": {
    "val_total_loss": {
      "mean": 5.535139958063762,
      "std": 1.5733247493935114,
      "min": 4.1670637130737305,
      "max": 7.777795314788818,
      "values": [
        4.541327953338623,
        4.1670637130737305,
        4.804779529571533,
        7.777795314788818,
        4.217958450317383,
        7.7019147872924805
      ]
    },
    "val_lr_loss": {
      "mean": 0.2883584772547086,
      "std": 0.20574413714920828,
      "min": 0.050506845116615295,
      "max": 0.5946831107139587,
      "values": [
        0.39314454793930054,
        0.1862436980009079,
        0.5946831107139587,
        0.45233258605003357,
        0.050506845116615295,
        0.05324007570743561
      ]
    },
    "val_recon_loss": {
      "mean": 0.04681037444000443,
      "std": 0.04495301592538507,
      "min": 0.014259803108870983,
      "max": 0.11271277070045471,
      "values": [
        0.014259803108870983,
        0.01585049368441105,
        0.015425270423293114,
        0.10798744112253189,
        0.01462646760046482,
        0.11271277070045471
      ]
    },
    "val_auroc": {
      "mean": 0.7856466457598837,
      "std": 0.20185935019174203,
      "min": 0.4080053817368033,
      "max": 0.9841716370047184,
      "values": [
        0.8883764367192493,
        0.938262150775898,
        0.8609070714416525,
        0.4080053817368033,
        0.9841716370047184,
        0.634157196880982
      ]
    },
    "val_auprc": {
      "mean": 0.9743471965476189,
      "std": 0.029756094835219682,
      "min": 0.9143041277940711,
      "max": 0.9998175339870023,
      "values": [
        0.9790430185205565,
        0.9934269520093413,
        0.9622205658422862,
        0.9143041277940711,
        0.9998175339870023,
        0.9972709811324564
      ]
    },
    "val_accuracy": {
      "mean": 0.926747816006361,
      "std": 0.05941866389090636,
      "min": 0.8351494787087049,
      "max": 0.9932331647687997,
      "values": [
        0.8628032211847241,
        0.9478830861809585,
        0.8351494787087049,
        0.9330451193820225,
        0.9883728258129569,
        0.9932331647687997
      ]
    },
    "val_f1": {
      "mean": 0.9591535788924838,
      "std": 0.0347581586032299,
      "min": 0.9038227238166778,
      "max": 0.9966050960064248,
      "values": [
        0.9224864623457824,
        0.9725321402276718,
        0.9038227238166778,
        0.965353561735615,
        0.9941214892227302,
        0.9966050960064248
      ]
    },
    "val_precision": {
      "mean": 0.9372889767964593,
      "std": 0.05202852118237038,
      "min": 0.8555967948940303,
      "max": 0.9957327303231454,
      "values": [
        0.8864124021027787,
        0.9559650392473418,
        0.8555967948940303,
        0.9360479200158559,
        0.9939789741956037,
        0.9957327303231454
      ]
    },
    "val_recall": {
      "mean": 0.9829018880303252,
      "std": 0.016615353884785147,
      "min": 0.9578099213668576,
      "max": 0.9974789915966387,
      "values": [
        0.9616212756052142,
        0.9896835917238199,
        0.9578099213668576,
        0.9965535027665761,
        0.994264045122845,
        0.9974789915966387
      ]
    },
    "val_mse": {
      "mean": 0.041750873594234385,
      "std": 0.04216715835982849,
      "min": 0.011030768975615501,
      "max": 0.10346503555774689,
      "values": [
        0.01161359902471304,
        0.011030768975615501,
        0.012724829837679863,
        0.0992436408996582,
        0.012427367269992828,
        0.10346503555774689
      ]
    },
    "val_mae": {
      "mean": 0.059745034823815026,
      "std": 0.03182943220585826,
      "min": 0.03356504812836647,
      "max": 0.11360000818967819,
      "values": [
        0.03652679920196533,
        0.03356504812836647,
        0.03897849842905998,
        0.0942588597536087,
        0.04154099524021149,
        0.11360000818967819
      ]
    },
    "val_rmse": {
      "mean": 0.1789609616001447,
      "std": 0.09860957081659276,
      "min": 0.1050274670124054,
      "max": 0.32165980339050293,
      "values": [
        0.10776641219854355,
        0.1050274670124054,
        0.11280439049005508,
        0.3150295913219452,
        0.11147810518741608,
        0.32165980339050293
      ]
    },
    "val_pearson_mean": {
      "mean": 0.99149951338768,
      "std": 0.0050935447713579204,
      "min": 0.9840170741081238,
      "max": 0.9964272975921631,
      "values": [
        0.9957348108291626,
        0.9920923709869385,
        0.9955839514732361,
        0.9851415753364563,
        0.9964272975921631,
        0.9840170741081238
      ]
    },
    "val_pearson_median": {
      "mean": 0.9915621181329092,
      "std": 0.005071234147763177,
      "min": 0.9841700792312622,
      "max": 0.9965950846672058,
      "values": [
        0.9959180355072021,
        0.9914590120315552,
        0.9957898855209351,
        0.9854406118392944,
        0.9965950846672058,
        0.9841700792312622
      ]
    },
    "val_r2": {
      "mean": 0.8849133451779684,
      "std": 0.11423974513522234,
      "min": 0.7201634645462036,
      "max": 0.9690337777137756,
      "values": [
        0.9654988050460815,
        0.9597843289375305,
        0.9690337777137756,
        0.7266976833343506,
        0.9683020114898682,
        0.7201634645462036
      ]
    }
  },
  "per_fold": [
    {
      "val_total_loss": 4.541327953338623,
      "val_lr_loss": 0.39314454793930054,
      "val_recon_loss": 0.014259803108870983,
      "val_auroc": 0.8883764367192493,
      "val_auprc": 0.9790430185205565,
      "val_accuracy": 0.8628032211847241,
      "val_f1": 0.9224864623457824,
      "val_precision": 0.8864124021027787,
      "val_recall": 0.9616212756052142,
      "val_mse": 0.01161359902471304,
      "val_mae": 0.03652679920196533,
      "val_rmse": 0.10776641219854355,
      "val_pearson_mean": 0.9957348108291626,
      "val_pearson_median": 0.9959180355072021,
      "val_r2": 0.9654988050460815,
      "region": "AX"
    },
    {
      "val_total_loss": 4.1670637130737305,
      "val_lr_loss": 0.1862436980009079,
      "val_recon_loss": 0.01585049368441105,
      "val_auroc": 0.938262150775898,
      "val_auprc": 0.9934269520093413,
      "val_accuracy": 0.9478830861809585,
      "val_f1": 0.9725321402276718,
      "val_precision": 0.9559650392473418,
      "val_recall": 0.9896835917238199,
      "val_mse": 0.011030768975615501,
      "val_mae": 0.03356504812836647,
      "val_rmse": 0.1050274670124054,
      "val_pearson_mean": 0.9920923709869385,
      "val_pearson_median": 0.9914590120315552,
      "val_r2": 0.9597843289375305,
      "region": "LA"
    },
    {
      "val_total_loss": 4.804779529571533,
      "val_lr_loss": 0.5946831107139587,
      "val_recon_loss": 0.015425270423293114,
      "val_auroc": 0.8609070714416525,
      "val_auprc": 0.9622205658422862,
      "val_accuracy": 0.8351494787087049,
      "val_f1": 0.9038227238166778,
      "val_precision": 0.8555967948940303,
      "val_recall": 0.9578099213668576,
      "val_mse": 0.012724829837679863,
      "val_mae": 0.03897849842905998,
      "val_rmse": 0.11280439049005508,
      "val_pearson_mean": 0.9955839514732361,
      "val_pearson_median": 0.9957898855209351,
      "val_r2": 0.9690337777137756,
      "region": "LV"
    },
    {
      "val_total_loss": 7.777795314788818,
      "val_lr_loss": 0.45233258605003357,
      "val_recon_loss": 0.10798744112253189,
      "val_auroc": 0.4080053817368033,
      "val_auprc": 0.9143041277940711,
      "val_accuracy": 0.9330451193820225,
      "val_f1": 0.965353561735615,
      "val_precision": 0.9360479200158559,
      "val_recall": 0.9965535027665761,
      "val_mse": 0.0992436408996582,
      "val_mae": 0.0942588597536087,
      "val_rmse": 0.3150295913219452,
      "val_pearson_mean": 0.9851415753364563,
      "val_pearson_median": 0.9854406118392944,
      "val_r2": 0.7266976833343506,