Method,L-R AUROC,L-R AUPRC,Recon R²,Accuracy,Parameters,Time (s)
grail_heart,0.9765306358323996,0.9998211059228854,0.8762437105178833,,1469.62M,0.1076846122741699
graphsage,0.8410230636680952,0.9986271882861656,-0.0787018537521362,0.0456809449267112,1.55M,0.0222094058990478
mlp,0.8394174698902704,0.9986912367043144,-0.1025029420852661,0.0436886295716522,2.45M,0.0377535820007324
gcn,0.8065685968709467,0.9982028177510778,-0.1087945699691772,0.0456809449267112,1.36M,0.0240981578826904
single_task_gat,0.8037387460670304,0.998227376858066,-0.8855170011520386,0.0389924576632987,1.36M,0.0267519950866699
cellphonedb,0.6241180170313347,0.9940212780494978,,,N/A,0.6743979454040527
cellchat,0.4293849264231476,0.9928763261301752,,,N/A,0.7881121635437012
