{
  "summary": {
    "val_total_loss": {
      "mean": 6.0900923411051435,
      "std": 1.3782789634802173,
      "min": 4.647035121917725,
      "max": 7.990365982055664,
      "values": [
        4.894687652587891,
        7.9610090255737305,
        5.265266418457031,
        7.990365982055664,
        4.647035121917725,
        5.782189846038818
      ]
    },
    "val_lr_loss": {
      "mean": 0.38869874489804107,
      "std": 0.1869900104365629,
      "min": 0.03884138539433479,
      "max": 0.6489010453224182,
      "values": [
        0.31801241636276245,
        0.3798087239265442,
        0.6489010453224182,
        0.4612531363964081,
        0.03884138539433479,
        0.4853757619857788
      ]
    },
    "val_recon_loss": {
      "mean": 0.04517816643541058,
      "std": 0.03727669944175587,
      "min": 0.012441911734640598,
      "max": 0.10772795975208282,
      "values": [
        0.022350331768393517,
        0.0859890729188919,
        0.012441911734640598,
        0.10772795975208282,
        0.01779584027826786,
        0.024763882160186768
      ]
    },
    "val_auroc": {
      "mean": 0.7624857580120894,
      "std": 0.18334994598191146,
      "min": 0.47191080875023006,
      "max": 0.9696030297331615,
      "values": [
        0.9334318471047307,
        0.5679754829736232,
        0.8441764578703396,
        0.47191080875023006,
        0.9696030297331615,
        0.787816921640451
      ]
    },
    "val_auprc": {
      "mean": 0.968681231116165,
      "std": 0.02823090487868336,
      "min": 0.9272112145227926,
      "max": 0.9993426195008552,
      "values": [
        0.9877055183152221,
        0.9413908608067533,
        0.9578052234237651,
        0.9272112145227926,
        0.9993426195008552,
        0.9986319501276018
      ]
    },
    "val_accuracy": {
      "mean": 0.9100446287380645,
      "std": 0.048653237419652245,
      "min": 0.8268904660218566,
      "max": 0.9900113435845728,
      "values": [
        0.8852329430364112,
        0.9217977648828712,
        0.8268904660218566,
        0.9161911867977528,
        0.9900113435845728,
        0.9201440681049223
      ]
    },
    "val_f1": {
      "mean": 0.9506353388715315,
      "std": 0.028775638690417518,
      "min": 0.8994720573351205,
      "max": 0.9949636973134424,
      "values": [
        0.9357097390197326,
        0.9591959742644482,
        0.8994720573351205,
        0.9561483080526817,
        0.9949636973134424,
        0.9583222572437626
      ]
    },
    "val_precision": {
      "mean": 0.9334342710114815,
      "std": 0.05257352514308499,
      "min": 0.8479696042361518,
      "max": 0.9976083175205566,
      "values": [
        0.8921315108976727,
        0.9338409891099648,
        0.8479696042361518,
        0.9369444381933973,
        0.9921107661111463,
        0.9976083175205566
      ]
    },
    "val_recall": {
      "mean": 0.9705612461901065,
      "std": 0.024868583413637416,
      "min": 0.9220131530873219,
      "max": 0.9978330837130748,
      "values": [
        0.983763966480447,
        0.9859662267304478,
        0.9576351810503835,
        0.9761558660789647,
        0.9978330837130748,
        0.9220131530873219
      ]
    },
    "val_mse": {
      "mean": 0.039968232779453196,
      "std": 0.034639010107323856,
      "min": 0.010336697101593018,
      "max": 0.09905733913183212,
      "values": [
        0.017808349803090096,
        0.07668332755565643,
        0.010336697101593018,
        0.09905733913183212,
        0.014645622111856937,
        0.021278060972690582
      ]
    },
    "val_mae": {
      "mean": 0.06014654226601124,
      "std": 0.02225973824221772,
      "min": 0.03548905998468399,
      "max": 0.09545649588108063,
      "values": [
        0.04503942281007767,
        0.08514261990785599,
        0.03548905998468399,
        0.09545649588108063,
        0.044670671224594116,
        0.05508098378777504
      ]
    },
    "val_rmse": {
      "mean": 0.182276318470637,
      "std": 0.08211929177292347,
      "min": 0.1016695499420166,
      "max": 0.3147337734699249,
      "values": [
        0.13344793021678925,
        0.27691754698753357,
        0.1016695499420166,
        0.3147337734699249,
        0.12101909518241882,
        0.14587001502513885
      ]
    },
    "val_pearson_mean": {
      "mean": 0.9912571609020233,
      "std": 0.004781069298142488,
      "min": 0.9841879606246948,
      "max": 0.9966241121292114,
      "values": [
        0.992453396320343,
        0.9841879606246948,
        0.9966241121292114,
        0.9852754473686218,
        0.9947426915168762,
        0.9942593574523926
      ]
    },
    "val_pearson_median": {
      "mean": 0.9913337230682373,
      "std": 0.004764346735033939,
      "min": 0.9843428134918213,
      "max": 0.9968944191932678,
      "values": [
        0.9924537539482117,
        0.9843428134918213,
        0.9968944191932678,
        0.9853832125663757,
        0.994727373123169,
        0.9942007660865784
      ]
    },
    "val_r2": {
      "mean": 0.8791126708189646,
      "std": 0.11032526968739169,
      "min": 0.7204298973083496,
      "max": 0.9748453497886658,
      "values": [
        0.9470956921577454,
        0.7204298973083496,
        0.9748453497886658,
        0.7272107601165771,
        0.9626439809799194,
        0.9424503445625305
      ]
    }
  },
  "per_fold": [
    {
      "val_total_loss": 4.894687652587891,
      "val_lr_loss": 0.31801241636276245,
      "val_recon_loss": 0.022350331768393517,
      "val_auroc": 0.9334318471047307,
      "val_auprc": 0.9877055183152221,
      "val_accuracy": 0.8852329430364112,
      "val_f1": 0.9357097390197326,
      "val_precision": 0.8921315108976727,
      "val_recall": 0.983763966480447,
      "val_mse": 0.017808349803090096,
      "val_mae": 0.04503942281007767,
      "val_rmse": 0.13344793021678925,
      "val_pearson_mean": 0.992453396320343,
      "val_pearson_median": 0.9924537539482117,
      "val_r2": 0.9470956921577454,
      "region": "AX"
    },
    {
      "val_total_loss": 7.9610090255737305,
      "val_lr_loss": 0.3798087239265442,
      "val_recon_loss": 0.0859890729188919,
      "val_auroc": 0.5679754829736232,
      "val_auprc": 0.9413908608067533,
      "val_accuracy": 0.9217977648828712,
      "val_f1": 0.9591959742644482,
      "val_precision": 0.9338409891099648,
      "val_recall": 0.9859662267304478,
      "val_mse": 0.07668332755565643,
      "val_mae": 0.08514261990785599,
      "val_rmse": 0.27691754698753357,
      "val_pearson_mean": 0.9841879606246948,
      "val_pearson_median": 0.9843428134918213,
      "val_r2": 0.7204298973083496,
      "region": "LA"
    },
    {
      "val_total_loss": 5.265266418457031,
      "val_lr_loss": 0.6489010453224182,
      "val_recon_loss": 0.012441911734640598,
      "val_auroc": 0.8441764578703396,
      "val_auprc": 0.9578052234237651,
      "val_accuracy": 0.8268904660218566,
      "val_f1": 0.8994720573351205,
      "val_precision": 0.8479696042361518,
      "val_recall": 0.9576351810503835,
      "val_mse": 0.010336697101593018,
      "val_mae": 0.03548905998468399,
      "val_rmse": 0.1016695499420166,
      "val_pearson_mean": 0.9966241121292114,
      "val_pearson_median": 0.9968944191932678,
      "val_r2": 0.9748453497886658,
      "region": "LV"
    },
    {
      "val_total_loss": 7.990365982055664,
      "val_lr_loss": 0.4612531363964081,
      "val_recon_loss": 0.10772795975208282,
      "val_auroc": 0.47191080875023006,
      "val_auprc": 0.9272112145227926,
      "val_accuracy": 0.9161911867977528,
      "val_f1": 0.9561483080526817,
      "val_precision": 0.9369444381933973,
      "val_recall": 0.9761558660789647,
      "val_mse": 0.09905733913183212,
      "val_mae": 0.09545649588108063,
      "val_rmse": 0.3147337734699249,
      "val_pearson_mean": 0.9852754473686218,
      "val_pearson_median": 0.9853832125663757,
      "val_r2": 0.7272107601165771,