{
  "n_cells": 6497,
  "trajectory_dim": 64,
  "mean_differentiation": 0.5842471122741699,
  "std_differentiation": 0.0638897642493248,
  "n_progenitors": 69,
  "n_intermediate": 6428,
  "n_differentiated": 0
}