{
  "n_cells": 9626,
  "trajectory_dim": 64,
  "mean_differentiation": 0.5873559713363647,
  "std_differentiation": 0.053994324058294296,
  "n_progenitors": 4,
  "n_intermediate": 9579,
  "n_differentiated": 43
}