{
  "n_cells": 7027,
  "trajectory_dim": 64,
  "mean_differentiation": 0.6156699657440186,
  "std_differentiation": 0.05543339625000954,
  "n_progenitors": 0,
  "n_intermediate": 6691,
  "n_differentiated": 336
}