{
  "n_cells": 5039,
  "trajectory_dim": 64,
  "mean_differentiation": 0.4750451445579529,
  "std_differentiation": 0.05751514807343483,
  "n_progenitors": 133,
  "n_intermediate": 4906,
  "n_differentiated": 0
}