{
  "n_cells": 8643,
  "trajectory_dim": 64,
  "mean_differentiation": 0.5205787420272827,
  "std_differentiation": 0.0007966592092998326,
  "n_progenitors": 0,
  "n_intermediate": 8643,
  "n_differentiated": 0
}