{
  "summary": {
    "val_total_loss": {
      "mean": 7.120224952697754,
      "std": 0.6092262268066406,
      "min": 6.510998725891113,
      "max": 7.7294511795043945,
      "values": [
        7.7294511795043945,
        6.510998725891113
      ]
    },
    "val_lr_loss": {
      "mean": 1.089984580874443,
      "std": 0.6148498803377151,
      "min": 0.4751347005367279,
      "max": 1.7048344612121582,
      "values": [
        1.7048344612121582,
        0.4751347005367279
      ]
    },
    "val_recon_loss": {
      "mean": 0.09254320338368416,
      "std": 0.010347653180360794,
      "min": 0.08219555020332336,
      "max": 0.10289085656404495,
      "values": [
        0.10289085656404495,
        0.08219555020332336
      ]
    },
    "val_auroc": {
      "mean": 0.41208325386462324,
      "std": 0.07131842772834479,
      "min": 0.34076482613627845,
      "max": 0.48340168159296804,
      "values": [
        0.34076482613627845,
        0.48340168159296804
      ]
    },
    "val_auprc": {
      "mean": 0.8492923297248656,
      "std": 0.06861967775666583,
      "min": 0.7806726519681997,
      "max": 0.9179120074815313,
      "values": [
        0.7806726519681997,
        0.9179120074815313
      ]
    },
    "val_accuracy": {
      "mean": 0.8877213630395896,
      "std": 0.03998656732791528,
      "min": 0.8477347957116743,
      "max": 0.9277079303675049,
      "values": [
        0.8477347957116743,
        0.9277079303675049
      ]
    },
    "val_f1": {
      "mean": 0.9400153542282605,
      "std": 0.02245483530355813,
      "min": 0.9175605189247025,
      "max": 0.9624701895318187,
      "values": [
        0.9175605189247025,
        0.9624701895318187
      ]
    },
    "val_precision": {
      "mean": 0.8908057583219404,
      "std": 0.04176363169454572,
      "min": 0.8490421266273946,
      "max": 0.9325693900164861,
      "values": [
        0.8490421266273946,
        0.9325693900164861
      ]
    },
    "val_recall": {
      "mean": 0.9962303081627589,
      "std": 0.0018783976100530397,
      "min": 0.9943519105527059,
      "max": 0.998108705772812,
      "values": [
        0.998108705772812,
        0.9943519105527059
      ]
    },
    "val_mse": {
      "mean": 0.08336049690842628,
      "std": 0.008988913148641586,
      "min": 0.0743715837597847,
      "max": 0.09234941005706787,
      "values": [
        0.09234941005706787,
        0.0743715837597847
      ]
    },
    "val_mae": {
      "mean": 0.090668436139822,
      "std": 0.006926584988832474,
      "min": 0.08374185115098953,
      "max": 0.09759502112865448,
      "values": [
        0.09759502112865448,
        0.08374185115098953
      ]
    },
    "val_rmse": {
      "mean": 0.2883010059595108,
      "std": 0.015589460730552673,
      "min": 0.27271154522895813,
      "max": 0.3038904666900635,
      "values": [
        0.3038904666900635,
        0.27271154522895813
      ]
    },
    "val_pearson_mean": {
      "mean": 0.9843196272850037,
      "std": 0.0024178028106689453,
      "min": 0.9819018244743347,
      "max": 0.9867374300956726,
      "values": [
        0.9819018244743347,
        0.9867374300956726
      ]
    },
    "val_pearson_median": {
      "mean": 0.9843456149101257,
      "std": 0.002699732780456543,
      "min": 0.9816458821296692,
      "max": 0.9870453476905823,
      "values": [
        0.9816458821296692,
        0.9870453476905823
      ]
    },
    "val_r2": {
      "mean": 0.72725510597229,
      "std": 0.0016028881072998047,
      "min": 0.7256522178649902,
      "max": 0.7288579940795898,
      "values": [
        0.7256522178649902,
        0.7288579940795898
      ]
    }
  },
  "per_fold": [
    {
      "val_total_loss": 7.7294511795043945,
      "val_lr_loss": 1.7048344612121582,
      "val_recon_loss": 0.10289085656404495,
      "val_auroc": 0.34076482613627845,
      "val_auprc": 0.7806726519681997,
      "val_accuracy": 0.8477347957116743,
      "val_f1": 0.9175605189247025,
      "val_precision": 0.8490421266273946,
      "val_recall": 0.998108705772812,
      "val_mse": 