{
  "YAP_TAZ": 1.6852776119069546e-11,
  "Integrin_FAK": 0.37159624695777893,
  "Piezo": 1.0,
  "TGF_beta": 5.676291152667545e-07,
  "Wnt": 1.0,
  "Notch": 0.07334604114294052,
  "BMP": 4.991217400322767e-13,
  "FGF": 1.0
}