{
  "YAP_TAZ": 0.9999511241912842,
  "Integrin_FAK": 1.937507249749615e-06,
  "Piezo": 0.8903986811637878,
  "TGF_beta": 5.119025203725869e-08,
  "Wnt": 0.594110906124115,
  "Notch": 0.0017902208492159843,
  "BMP": 1.0,
  "FGF": 0.9999991059303284
}