{
  "YAP_TAZ": 6.914076516179035e-14,
  "Integrin_FAK": 0.3587687611579895,
  "Piezo": 0.9999013543128967,
  "TGF_beta": 4.454300750467155e-08,
  "Wnt": 1.0,
  "Notch": 0.019111158326268196,
  "BMP": 4.247725176088099e-16,
  "FGF": 1.0
}