{
  "YAP_TAZ": 0.9999487400054932,
  "Integrin_FAK": 0.0009958381997421384,
  "Piezo": 0.8815271854400635,
  "TGF_beta": 0.0012819593539461493,
  "Wnt": 0.7494937777519226,
  "Notch": 0.0008026416762731969,
  "BMP": 1.0,
  "FGF": 0.9656221866607666
}