{
  "YAP_TAZ": 0.9999995827674866,
  "Integrin_FAK": 3.6891772969838144e-10,
  "Piezo": 0.8807357549667358,
  "TGF_beta": 4.572790171693264e-13,
  "Wnt": 0.5495367050170898,
  "Notch": 0.00032751556136645377,
  "BMP": 1.0,
  "FGF": 1.0
}