{
  "YAP_TAZ": 6.671050727761632e-20,
  "Integrin_FAK": 0.3926607668399811,
  "Piezo": 1.0,
  "TGF_beta": 3.294853279101062e-11,
  "Wnt": 1.0,
  "Notch": 0.026002680882811546,
  "BMP": 2.1843048861425044e-23,
  "FGF": 1.0
}