{
  "YAP_TAZ": 7.781784330653863e-18,
  "Integrin_FAK": 0.39019933342933655,
  "Piezo": 1.0,
  "TGF_beta": 3.7053546342313837e-10,
  "Wnt": 1.0,
  "Notch": 0.0747765526175499,
  "BMP": 6.329051489862841e-22,
  "FGF": 1.0
}