{
  "YAP_TAZ": 0.9999958872795105,
  "Integrin_FAK": 1.218223815158126e-07,
  "Piezo": 0.8976453542709351,
  "TGF_beta": 1.427543327991998e-08,
  "Wnt": 0.635443389415741,
  "Notch": 0.0002896095102187246,
  "BMP": 1.0,
  "FGF": 0.9999990463256836
}