{
  "YAP_TAZ": 1.370623585331479e-13,
  "Integrin_FAK": 0.33704623579978943,
  "Piezo": 0.9999292492866516,
  "TGF_beta": 6.467359980888432e-08,
  "Wnt": 1.0,
  "Notch": 0.05205124244093895,
  "BMP": 7.006544837217653e-16,
  "FGF": 1.0
}