{
  "YAP_TAZ": 0.9999532699584961,
  "Integrin_FAK": 0.0006786519079469144,
  "Piezo": 0.8574000597000122,
  "TGF_beta": 0.0006051572854630649,
  "Wnt": 0.6035479307174683,
  "Notch": 0.0015195045853033662,
  "BMP": 1.0,
  "FGF": 0.969298243522644
}