{
  "YAP_TAZ": 4.821321814008073e-11,
  "Integrin_FAK": 0.28404077887535095,
  "Piezo": 0.9997038841247559,
  "TGF_beta": 2.283644988665401e-07,
  "Wnt": 0.9999987483024597,
  "Notch": 0.021946463733911514,
  "BMP": 2.6100485095155272e-14,
  "FGF": 0.9999988675117493
}