{
  "YAP_TAZ": 0.9999884963035583,
  "Integrin_FAK": 0.002004968235269189,
  "Piezo": 0.8701555728912354,
  "TGF_beta": 0.0020589586347341537,
  "Wnt": 0.694797933101654,
  "Notch": 0.001298372633755207,
  "BMP": 1.0,
  "FGF": 0.9406785368919373
}