method,inference_time_mean,inference_time_std,lr_auroc,lr_auprc,lr_accuracy,lr_f1,n_params,recon_mse,recon_mae,recon_r2,recon_pearson,accuracy,f1
cellphonedb,0.6743979454040527,0.0,0.6241180170313347,0.9940212780494978,0.029209094101123597,0.044701664975057766,0,,,,,,
cellchat,0.7881121635437012,0.0,0.4293849264231476,0.9928763261301752,0.9933725421348315,0.9966752537596054,0,,,,,,
mlp,0.03775358200073242,0.0,0.8394174698902704,0.9986912367043144,0.9933725421348315,0.9966752537596054,2449115,0.4003494083881378,0.2925460636615753,-0.10250294208526611,-0.009880494326353073,0.0436886295716522,0.031133282340131057
gcn,0.02409815788269043,0.0,0.8065685968709467,0.9982028177510778,0.9933725421348315,0.9966752537596054,1357787,0.40263405442237854,0.29460886120796204,-0.10879456996917725,-0.01185462437570095,0.04568094492671126,0.0039911767342064005
graphsage,0.02220940589904785,0.0,0.8410230636680952,0.9986271882861657,0.9933725421348315,0.9966752537596054,1554395,0.39170655608177185,0.27138611674308777,-0.07870185375213623,-0.0030200860928744078,0.04568094492671126,0.0039911767342064005
single_task_gat,0.026751995086669922,0.0,0.8037387460670304,0.998227376858066,0.9933725421348315,0.9966752537596054,1359323,0.6846835017204285,0.5703584551811218,-0.8855170011520386,0.01590057462453842,0.0389924576632987,0.002926704122652745
grail_heart,0.10768461227416992,0.0,0.9765306358323996,0.9998211059228854,0.9854064255617978,0.9926097151684207,1469618033,0.044939327985048294,0.07188794016838074,0.8762437105178833,0.9900791645050049,,
