method,inference_time_mean,inference_time_std,lr_auroc,lr_auprc,lr_accuracy,lr_f1,n_params,recon_mse,recon_mae,recon_r2,recon_pearson,accuracy,f1
cellphonedb,0.6122477054595947,0.0,0.0,0.0,0.9771550210674157,0.0,0,,,,,,
cellchat,0.6858546733856201,0.0,0.0,0.0,0.0,0.0,0,,,,,,
mlp,0.03728508949279785,0.0,0.0,0.0,1.0,0.0,2449115,0.423295795917511,0.33255425095558167,-0.165693998336792,-0.007585427258163691,0.051800199231535504,0.025573020492313282
gcn,0.023779869079589844,0.0,0.0,0.0,1.0,0.0,1357787,0.40381985902786255,0.2949735224246979,-0.11206018924713135,-0.008166984654963017,0.04568094492671126,0.0039911767342064005
graphsage,0.020720720291137695,0.0,0.0,0.0,1.0,0.0,1554395,0.39729374647140503,0.2824522852897644,-0.09408819675445557,-0.00878482311964035,0.04568094492671126,0.0039911767342064005
single_task_gat,0.023189067840576172,0.0,0.0,0.0,1.0,0.0,1359323,1.5422974824905396,0.9491289258003235,-3.2472586631774902,0.004013706464320421,0.02575779137612068,0.0012937866627106543
grail_heart,0.10335302352905273,0.0,0.0,0.0,1.0,0.0,1469618033,0.004704001825302839,0.018629658967256546,0.9870458841323853,0.9976972937583923,,
