method,inference_time_mean,inference_time_std,lr_auroc,lr_auprc,lr_accuracy,lr_f1,n_params,recon_mse,recon_mae,recon_r2,recon_pearson,accuracy,f1
cellphonedb,0.6155226230621338,0.0,0.0,0.0,0.9771550210674157,0.0,0,,,,,,
cellchat,0.6863682270050049,0.0,0.0,0.0,0.0,0.0,0,,,,,,
mlp,0.04835867881774902,0.0,0.0,0.0,1.0,0.0,2449115,0.423295795917511,0.33255425095558167,-0.165693998336792,-0.007585427258163691,0.051800199231535504,0.025573020492313282
gcn,0.021619319915771484,0.0,0.0,0.0,1.0,0.0,1357787,0.40381985902786255,0.2949734926223755,-0.11206018924713135,-0.008166982792317867,0.04568094492671126,0.0039911767342064005
graphsage,0.020531654357910156,0.0,0.0,0.0,1.0,0.0,1554395,0.39729374647140503,0.2824522852897644,-0.09408819675445557,-0.008784827776253223,0.04568094492671126,0.0039911767342064005
single_task_gat,0.023610830307006836,0.0,0.0,0.0,1.0,0.0,1359323,1.5422974824905396,0.9491289258003235,-3.2472586631774902,0.004013706464320421,0.02575779137612068,0.0012937866627106543
