method,inference_time_mean,inference_time_std,lr_auroc,lr_auprc,lr_accuracy,lr_f1,n_params,recon_mse,recon_mae,recon_r2,recon_pearson,accuracy,f1
cellphonedb,0.6421234607696533,0.0,0.6241180170313347,0.9940212780494978,0.029209094101123597,0.044701664975057766,0,,,,,,
cellchat,0.6796400547027588,0.0,0.4293849264231476,0.9928763261301752,0.9933725421348315,0.9966752537596054,0,,,,,,
mlp,0.03763270378112793,0.0,0.8394174698902704,0.9986912367043144,0.9933725421348315,0.9966752537596054,2449115,0.4003494083881378,0.2925460636615753,-0.10250294208526611,-0.009880494326353073,0.0436886295716522,0.031133282340131057
gcn,0.02218151092529297,0.0,0.8065686334465031,0.9982028172605517,0.9933725421348315,0.9966752537596054,1357787,0.40263405442237854,0.29460886120796204,-0.10879456996917725,-0.011854623444378376,0.04568094492671126,0.0039911767342064005
graphsage,0.020432472229003906,0.0,0.8410229539414259,0.9986271868148989,0.9933725421348315,0.9966752537596054,1554395,0.39170655608177185,0.27138611674308777,-0.07870185375213623,-0.0030200856272131205,0.04568094492671126,0.0039911767342064005
single_task_gat,0.023760080337524414,0.0,0.8037388557936997,0.9982273778444996,0.9933725421348315,0.9966752537596054,1359323,0.6846835613250732,0.5703585147857666,-0.8855172395706177,0.015900569036602974,0.0389924576632987,0.002926704122652745
grail_heart,0.10976243019104004,0.0,0.9765303798035043,0.9998211038888614,0.9854064255617978,0.9926097151684207,1469618033,0.04493933171033859,0.07188794016838074,0.8762437105178833,0.9900791645050049,,
