val_loss,lr_auroc,lr_auprc,lr_accuracy,lr_f1,recon_mse,recon_r2,recon_pearson,epoch,n_params,experiment,ablation_type,ablation_setting
0.07084592431783676,0.7680856446703452,0.9881352226465129,0.9569620650672026,0.9779145750912505,0.07084599,0.8275943,0.98636144,29,1469686074,dropout/dropout_0,dropout,dropout_0
0.07458269596099854,0.8619513453862598,0.9936941660522493,0.9678432357744002,0.9836233367451381,0.07458274,0.8185008,0.98738706,29,1469686074,dropout/dropout_0.1,dropout,dropout_0.1
0.07360289990901947,0.9052462457191544,0.9959342026208026,0.9685341037558096,0.9839608144448713,0.073603,0.82088506,0.9881424,29,1469686074,dropout/dropout_0.2,dropout,dropout_0.2
