val_loss,lr_auroc,lr_auprc,lr_accuracy,lr_f1,recon_mse,recon_r2,recon_pearson,epoch,n_params,experiment,ablation_type,ablation_setting
0.07259829342365265,0.8406880845527328,0.9926044447174276,0.9552191935686472,0.9769244461705261,0.07259828,0.82333004,0.98726594,29,1469686074,attention_heads/1_head,attention_heads,1_head
0.06898312270641327,0.8976430887286977,0.9955085013126947,0.9635096093455596,0.9812271801996834,0.06898312,0.83212763,0.9872853,29,1469686074,attention_heads/4_heads,attention_heads,4_heads
0.07458270341157913,0.8619512939693224,0.9936941642291621,0.9678432357744002,0.9836233367451381,0.07458274,0.8185008,0.98738706,29,1469686074,attention_heads/8_heads,attention_heads,8_heads
