val_loss,lr_auroc,lr_auprc,lr_accuracy,lr_f1,recon_mse,recon_r2,recon_pearson,epoch,n_params,experiment,ablation_type,ablation_setting
0.4922017455101013,0.8939625852553136,0.9951152090139206,0.9685655068458736,0.9839791296554152,0.4922018,-0.19778693,-0.0027740768,29,1468972698,decoder_type/basic_decoder,decoder_type,basic_decoder
0.07458270341157913,0.861951218821491,0.9936941683289575,0.9678432357744002,0.9836233367451381,0.07458275,0.81850076,0.98738706,29,1469686074,decoder_type/residual_decoder,decoder_type,residual_decoder
