val_loss,lr_auroc,lr_auprc,lr_accuracy,lr_f1,recon_mse,recon_r2,recon_pearson,epoch,n_params,experiment,ablation_type,ablation_setting
0.06492318958044052,0.6898707059411804,0.9828984840444479,0.9671209647029267,0.9832790341126868,0.06492312,0.84200776,0.9788425,29,1468829754,gat_layers/1_layer,gat_layers,1_layer
0.07453782856464386,0.7243550807175909,0.9851981497548601,0.8816103504584851,0.9363379996284976,0.07453784,0.8186101,0.98846406,29,1468961082,gat_layers/2_layers,gat_layers,2_layers
0.07458269596099854,0.8619513256105147,0.9936941620967119,0.9678432357744002,0.9836233367451381,0.07458274,0.8185008,0.98738706,29,1469686074,gat_layers/3_layers,gat_layers,3_layers
0.06196542829275131,0.8478203850073368,0.9929597968890844,0.8879537746514257,0.9394258356959747,0.061965503,0.8492052,0.98855036,29,1470411066,gat_layers/4_layers,gat_layers,4_layers
