val_loss,lr_auroc,lr_auprc,lr_accuracy,lr_f1,epoch,n_params,experiment,ablation_type,ablation_setting,recon_mse,recon_r2,recon_pearson
0.0,0.4033309608503767,0.9552011545076788,0.9475411380479839,0.9730579725338085,0,1467679681,tasks/lr_only,tasks,lr_only,,,
0.009072910994291306,,,,,29,6733104,tasks/recon_only,tasks,recon_only,0.009072910062968731,0.9779208302497864,0.9937078356742859
0.0,,,,,0,4862921,tasks/classify_only,tasks,classify_only,,,
0.07691071182489395,0.8842700140052618,0.994726726001114,0.9537903529707323,0.9760308837542656,29,1469617969,tasks/lr_recon,tasks,lr_recon,0.07691069692373276,0.8128356337547302,0.9883502721786499
0.0,0.4025026972732024,0.9550799701165867,0.947085793242055,0.9728177579893207,0,1467747786,tasks/lr_classify,tasks,lr_classify,,,
0.010142157785594463,,,,,29,6801209,tasks/recon_classify,tasks,recon_classify,0.01014215312898159,0.9753187894821167,0.9924423694610596
0.07458268105983734,0.861951551054009,0.9936941787069065,0.9678432357744002,0.9836233367451381,29,1469686074,tasks/all_tasks,tasks,all_tasks,0.07458272576332092,0.8185008764266968,0.9873870611190796
