{
  "summary": {
    "val_total_loss": {
      "mean": 4.877115964889526,
      "std": 1.0720122130864087,
      "min": 3.8800833225250244,
      "max": 6.492978572845459,
      "values": [
        4.2114410400390625,
        3.8800833225250244,
        4.490221977233887,
        6.492978572845459,
        3.9530866146087646,
        6.234884262084961
      ]
    },
    "val_lr_loss": {
      "mean": 0.3420509286224842,
      "std": 0.2312083236422392,
      "min": 0.046469978988170624,
      "max": 0.6314737796783447,
      "values": [
        0.4105288088321686,
        0.27642709016799927,
        0.6088528037071228,
        0.6314737796783447,
        0.07855311036109924,
        0.046469978988170624
      ]
    },
    "val_recon_loss": {
      "mean": 0.0470548706750075,
      "std": 0.04172713348293304,
      "min": 0.014312393963336945,
      "max": 0.10722160339355469,
      "values": [
        0.014312393963336945,
        0.016897406429052353,
        0.02152158133685589,
        0.10474209487438202,
        0.01763414405286312,
        0.10722160339355469
      ]
    },
    "val_auroc": {
      "mean": 0.7446713526713037,
      "std": 0.22095463033663795,
      "min": 0.422747814417173,
      "max": 0.9850147954422945,
      "values": [
        0.8817683786151271,
        0.8963114792123132,
        0.8258610728027838,
        0.422747814417173,
        0.9850147954422945,
        0.4563245755381305
      ]
    },
    "val_auprc": {
      "mean": 0.970398672483684,
      "std": 0.029716819744266456,
      "min": 0.9153669754504834,
      "max": 0.9998003791179192,
      "values": [
        0.9774812010943926,
        0.9868672420784952,
        0.9481781601698345,
        0.9153669754504834,
        0.9998003791179192,
        0.9946980769909791
      ]
    },
    "val_accuracy": {
      "mean": 0.9250136052546343,
      "std": 0.060796024011825794,
      "min": 0.8261681949503831,
      "max": 0.9957434423545676,
      "values": [
        0.8672743441529569,
        0.938588007736944,
        0.8261681949503831,
        0.9359199438202247,
        0.98638769851273,
        0.9957434423545676
      ]
    },
    "val_f1": {
      "mean": 0.9576192946153658,
      "std": 0.03633897033965181,
      "min": 0.8961454395362145,
      "max": 0.9978671819457863,
      "values": [
        0.9246116933956308,
        0.9670927621350838,
        0.8961454395362145,
        0.9668994286750703,
        0.9930992620044088,
        0.9978671819457863
      ]
    },
    "val_precision": {
      "mean": 0.9422312828112904,
      "std": 0.0490519458880818,
      "min": 0.8669413387541746,
      "max": 0.9957434423545676,
      "values": [
        0.8928542394927241,
        0.9662026117471092,
        0.8669413387541746,
        0.936002106926521,
        0.995643957592646,
        0.9957434423545676
      ]
    },
    "val_recall": {
      "mean": 0.9740925992873023,
      "std": 0.02602684163789257,
      "min": 0.9273856907096398,
      "max": 1.0,
      "values": [
        0.958711592178771,
        0.9679845542043686,
        0.9273856907096398,
        0.9999062177623558,
        0.9905675408686785,
        1.0
      ]
    },
    "val_mse": {
      "mean": 0.04184564668685198,
      "std": 0.03885646185650947,
      "min": 0.01151272188872099,
      "max": 0.0977930948138237,
      "values": [
        0.01151272188872099,
        0.013060803525149822,
        0.018178854137659073,
        0.09563712030649185,
        0.014891285449266434,
        0.0977930948138237
      ]
    },
    "val_mae": {
      "mean": 0.06253861449658871,
      "std": 0.02912893639548906,
      "min": 0.035964641720056534,
      "max": 0.110775887966156,
      "values": [
        0.035964641720056534,
        0.03970756009221077,
        0.047147948294878006,
        0.09492942690849304,
        0.046706221997737885,
        0.110775887966156
      ]
    },
    "val_rmse": {
      "mean": 0.18340191120902696,
      "std": 0.09060566462470311,
      "min": 0.10729735344648361,
      "max": 0.31271886825561523,
      "values": [
        0.10729735344648361,
        0.11428387463092804,
        0.13482898473739624,
        0.30925253033638,
        0.1220298558473587,
        0.31271886825561523
      ]
    },
    "val_pearson_mean": {
      "mean": 0.9912630716959635,
      "std": 0.005086329943409438,
      "min": 0.9836966395378113,
      "max": 0.995485782623291,
      "values": [
        0.9954620599746704,
        0.9939126968383789,
        0.9944779276847839,
        0.9845433235168457,
        0.995485782623291,
        0.9836966395378113
      ]
    },
    "val_pearson_median": {
      "mean": 0.9913256764411926,
      "std": 0.005016533518617515,
      "min": 0.9839668273925781,
      "max": 0.9956042766571045,
      "values": [
        0.9956042766571045,
        0.993579626083374,
        0.994606614112854,
        0.9846358895301819,
        0.9955608248710632,
        0.9839668273925781
      ]
    },
    "val_r2": {
      "mean": 0.8846823374430338,
      "std": 0.10517443599347207,
      "min": 0.7355040907859802,
      "max": 0.9657984972000122,
      "values": [
        0.9657984972000122,
        0.952383279800415,
        0.9557612538337708,
        0.7366294860839844,
        0.9620174169540405,
        0.7355040907859802
      ]
    }
  },
  "per_fold": [
    {
      "val_total_loss": 4.2114410400390625,
      "val_lr_loss": 0.4105288088321686,
      "val_recon_loss": 0.014312393963336945,
      "val_auroc": 0.8817683786151271,
      "val_auprc": 0.9774812010943926,
      "val_accuracy": 0.8672743441529569,
      "val_f1": 0.9246116933956308,
      "val_precision": 0.8928542394927241,
      "val_recall": 0.958711592178771,
      "val_mse": 0.01151272188872099,
      "val_mae": 0.035964641720056534,
      "val_rmse": 0.10729735344648361,
      "val_pearson_mean": 0.9954620599746704,
      "val_pearson_median": 0.9956042766571045,
      "val_r2": 0.9657984972000122,
      "region": "AX"
    },
    {
      "val_total_loss": 3.8800833225250244,
      "val_lr_loss": 0.27642709016799927,
      "val_recon_loss": 0.016897406429052353,
      "val_auroc": 0.8963114792123132,
      "val_auprc": 0.9868672420784952,
      "val_accuracy": 0.938588007736944,
      "val_f1": 0.9670927621350838,
      "val_precision": 0.9662026117471092,
      "val_recall": 0.9679845542043686,
      "val_mse": 0.013060803525149822,
      "val_mae": 0.03970756009221077,
      "val_rmse": 0.11428387463092804,
      "val_pearson_mean": 0.9939126968383789,
      "val_pearson_median": 0.993579626083374,
      "val_r2": 0.952383279800415,
      "region": "LA"
    },
    {
      "val_total_loss": 4.490221977233887,
      "val_lr_loss": 0.6088528037071228,
      "val_recon_loss": 0.02152158133685589,
      "val_auroc": 0.8258610728027838,
      "val_auprc": 0.9481781601698345,
      "val_accuracy": 0.8261681949503831,
      "val_f1": 0.8961454395362145,
      "val_precision": 0.8669413387541746,
      "val_recall": 0.9273856907096398,
      "val_mse": 0.018178854137659073,
      "val_mae": 0.047147948294878006,
      "val_rmse": 0.13482898473739624,
      "val_pearson_mean": 0.9944779276847839,
      "val_pearson_median": 0.994606614112854,
      "val_r2": 0.9557612538337708,
      "region": "LV"
    },
    {
      "val_total_loss": 6.492978572845459,
      "val_lr_loss": 0.6314737796783447,
      "val_recon_loss": 0.10474209487438202,
      "val_auroc": 0.422747814417173,
      "val_auprc": 0.9153669754504834,
      "val_accuracy": 0.9359199438202247,
      "val_f1": 0.9668994286750703,
      "val_precision": 0.936002106926521,
      "val_recall": 0.9999062177623558,
      "val_mse": 0.09563712030649185,
      "val_mae": 0.09492942690849304,
      "val_rmse": 0.30925253033638,
      "val_pearson_mean": 0.9845433235168457,
      "val_pearson_median": 0.9846358895301819,
      "val_r2": 0.7366294860839844,
      "region": "RA"
    },
    {
      "val_total_loss": 3.9530866146087646,